D$HH,0
VITAMINS,1
@STOMPERCOPYRIGHT@gaSTARPATH,1
THEAD,1
D$ H,0
NpH9Op,0
uvv}v,0
vc2002,1
G(H;G0s2H,0
ATUS,0
EuDe,0
BYSETPOS,1
</tfoot>,1
@@@@@@TRINTAAPESAR@@@@@@PANO@@TOMATELINGUAVIAGEMPERU@@@@@@@@DOZE@@VINTE@,1
NO@EFFECT,1
[]A\A]A^A_,0
([]A\A]A^A_,0
GA!stack_realign,1
BONES,1
verbose,1
AVAUL,0
/STATI=,1
rfloor,1
l$NH,0
G(H;G0,0
9+xiy,0
ID,1
COUNT,1
help,1
AND@IT@WARNSQBEWARE@OF,1
USE,1
H9WH|,0
s|v:,0
BYMONTHDAY,1
UUUUUUUUUUUUUUUUUUUUUUW,0
T$(Hc,0
FLASH,1
D+l$,0
GHH9FH|Bu0ATUH,0
\NoSelect,1
CATEGORIES,1
u4ATUH,0
lceil,1
LIBSELINUX_1.0,1
\Sent,1
J|@),0
FN:<Unknown>,1
L[ @@@@@@@@@@ANO@@@ZERO@@ERRADOJOVEM@ZEBRA@ANIMAL@@@@@@OUTONO@@@@@@BANANA,1
]	t},0
OFFER@FOR,1
[]A\A],0
.init,1
TFOOT,1
[]A\A],0
[]A\A]A^A_,0
SPAN,1
authorization_pending,1
PIT,1
d$@1,0
dirfd,1
@@@@minesscoreZ,1
PACTL,1
N|<),0
INVENTORY,1
/AGE=,1
sdot,1
I9l$,0
freecon,1
WEAR@@BIGGERGREEN@CARE@@LIKE@@FRUITSVERY@@EXCUSECOWS@@DRIVE@AM@@@@ARE@@@,1
fileno,1
l$NH,0
creation,1
]A\A]A^,0
GA+stack_clash,1
CODE,1
t$XL,0
G(H;G0,0
\$0H,0
strcoll,1
onclick,1
G(H9G0,0
TRANSP,1
RECURRENCE-ID,1
.dynsym,1
oplus,1
9*nq;,0
lfloor,1
unused,1
we9K,0
DEX,1
[221,0
.fini_array,1
SCHOOLEARS@@SEE@@@BREATHTICKETNEST@@CLOSE@PRETTYSWAMP@HONEY@PLANETHEALTH,1
hGH.,0
"N"".$N'n+n/.1",0
T$0L,0
DOOR,1
THE@,1
<.tN<Z,0
*| ),0
clC3,0
__errno_location,1
sigma,1
Alpha,1
T$hdH+,0
GA+omit_frame_pointer,1
L$xL,0
55555,0
[]A\,0
!`!a!b!c!d!e!f!g!h!i!j!k!l!m!n!o!,0
AWAVAUATUSH,0
gHfQ,0
WARRIOR,1
@ON,1
t$ H,0
FHH9GH|,0
/FS=,1
emsp,1
timegm,1
strchr,1
UNLOCK,1
gamma,1
fputs_unlocked,1
[]A\A]A^A_,0
t$XL,0
sigprocmask,1
Y{Sv,0
tqL9,0
gethostname,1
AVAUATUSH,0
"n""onq+r""t",0
APPLET,1
fwrite,1
/FN=,1
LDY,1
kappa,1
BODY[0],1
fnof,1
CROSS,1
MEDICINE,1
/CATLIM=,1
AUATUSH,0
L[ba,0
	v$D,0
</option>,1
D$PH,0
long-iso,1
optarg,1
C:^8,0
onblur,1
[]A\A]A^,0
.tgL,0
frame1,1
LDX,1
GA*FORTIFY,1
	w}H,0
_REPLACE_,1
dRdVetf,0
XDYTYbZ([,0
start,1
w`H9r`,0
l$PH,0
37;44,0
filtering ,1
BYMONTH,1
PARKER,1
L9|$,0
D$PL,0
"y4J""YY",0
D$(1,0
GA+GLIBCXX_ASSERTIONS,1
getpwuid,1
([]A\A]A^A_,0
ATUStU1,0
wpH9rp,0
L;|$,0
OH@NO,1
D$hH,0
KEY,1
w6hw,0
context,1
[1;2B,0
D$@H,0
[]A\A],0
4$H),0
Scaron,1
access_token,1
t$@H,0
iota,1
ioctl,1
[]A\A]A^A_,0
OPEN@DOOR,1
]A\A],0
\$ H,0
</map>,1
LAVAR@ONDA@@FRACO@VESTIRSEMANAQUANDOESPOSAVENTO@VINHO@DESEJOCOM@@@LOBO@@@@@@@@,1
d$@H,0
localeconv,1
H9\$,0
Omega,1
/FLDTYPE=,1
vertical,1
_SIGNATURE_,1
VERSION:3.0,1
ADDR800L,1
fwkb,0
K^#`,0
CIRCO@CAF ] @@COBRE@CANTO@@@@@@@CASAL@PRIMO@BER \ O@PERIGOD ] CADADESEJO@@@@@@,1
AGULHAAVISO@NUMERO@@@@@@OSTRA@ ˆRF[ O@PACOTELAPIS@POVO@@@@@@@@PESSOAPOMBO@@@@@@@,1
STAFF,1
DONE,1
dea8@,0
never,1
|$8L9,0
AUATI,0
J|@),0
\$ H9,0
\$H1,0
equiv,1
RFC822.TEXT.PEEK,1
time-style,1
E H9E(u,0
SAPPHIRE,1
scoring ,1
onetwoplayerHcI@QYXS@@imagic,1
supe,1
AWAVI,0
/ jM	;,0
KILLED,1
G<dEv,0
wpH9rp,0
CUT@@@NIGHT@ACTORSHOT@@@COLD@@YEARS@SKY@@@DOCTOROPEN@@SUMMERWINTERMOTHER,1
GENIO@UVAS@@VIOL [ O@@@@@@AL \ A@@CABIDESAUDE@FOME@@INDIO@INSETODENTROMATA@@LAGOA@,1
{{w],0
quote-name,1
L$xL,0
l$@I,0
l$%M,0
dnhNkNnNq.s.u.w.yN|N,0
PRAY,1
ry7y}@,0
ID,1
ATUH,0
LIDER@LI \[ O@CARTA@LIXO@@@@@@@@MEIO@@MINUTO@@@@@@@@@@@@MACACOM [ E@@@MUSEU@NA \[ O@,1
single-column,1
rceil,1
T$ L,0
compumate,1
"lxe""}",0
AUATI,0
\Drafts,1
[]A\A],0
fclose,1
CROSS,1
doing,1
T$ H,0
.got,1
[;}u,0
TZURL,1
ormat,1
^0Vi,0
D$8H,0
ARE@DEADTEMPLE,1
[1;2D,0
VTIMEZONE,1
t_k.,0
????8888???888??,0
setlocale,1
MISSED,1
_obstack_begin,1
|$pH,0
uplicate,1
xeH9,0
l$PH,0
fflush,1
ORGANIZER,1
HAVE,1
STAFF,1
Jdl7R,0
.gnu.version_r,1
|$8L,0
SHADOWCL,1
D$PH,0
4}c[,0
[]A\A],0
x>yIyHyPyVy]y,0
\$HH,0
L$(M,0
@STRENGTH,1
UUUUUUUUUUUUUUUUUUUUUUUT,0
lgetfilecon,1
.shstrtab,1
GIRLSS,1
t$@H,0
stdout,1
CHEST,1
otimes,1
Other ,1
DOOR,1
author,1
Theta,1
_SUBJECT_,1
ATUSH,0
":*3$""",0
D$@H,0
T$@H,0
</thead>,1
xxxxxx,0
NICKNAME:,1
[]A\A],0
[]A\A]A^A_,0
|$(H,0
DONATE@a__DONATE@,1
FILTERING ,1
\$HIi,0
ROLE ,1
[]A\A]A^,0
across,1
fputc_unlocked,1
.dynstr,1
TRADE@SHOP,1
[]A\A]A^A_,0
/ABOOKS=,1
AVAUATUSH,0
KEY,1
D$@H,0
SCRIPT,1
omega,1
STARPATH,1
dereference,1
l$PH,0
.`rH,0
gmtime_r,1
AVAUATUSH,0
@[A\A],0
([]A\A]A^A_,0
program_invocation_name,1
N`H9O`,0
O`H9N`,0
.interp,1
slash,1
[]A\A],0
><<<<<<<<<>,0
[]A\A]A^A_,0
</label>,1
GLASS@YOU@@@CLOCK@YELLOWGRAPESBLUE@@FLIES@DARK@@SHINE@BARKS@WORKS@HELP@@,1
/STATD=,1
AUATUH,0
NpH9Op,0
"5F%O""D",0
{{|[},0
ignore-backups,1
long,1
getcwd,1
CITE,1
BYWKST,1
T$ L,0
_P_a_s_,0
fYjgDluh,0
CHAIN,1
/BOY=,1
portb,1
ACOL,1
THE@,1
ATUSH,0
L$0I,0
N(N6N?NYN,0
shell-escape,1
onmousemove,1
D$41,0
yxxxxy,0
numeric-uid-gid,1
D$PH,0
/CATCMD=,1
LEAVE,1
d$@L,0
mbsinit,1
DTSTAMP,1
Xd\n\,0
&D&r,0
\$ H,0
onkeypress,1
lda,1
t]~K,0
AUATUSH,0
UH]A\A]A^,0
T$8H9,0
	w`I9,0
VFc&,0
a?[*,0
__ctype_toupper_loc,1
ntsc,1
D$XH,0
FREQ,1
followup-to,1
mktime,1
[]A\A],0
G(H;G0,0
MORE,1
t$XL,0
_obstack_memory_used,1
wcwidth,1
TRAP,1
Rg?T,0
spades,1
_obstack_begin_1,1
funkt,1
_REXTRIM_,1
t$0L,0
@@@@@@@@@FEMEA@DEDO@@ACABARVOO@@@FLOR@@SEGUIRSELVA@SEXTA@AMIGO@FUTUROALHO@@,1
DO@YOU,1
lseek,1
[]A\A]A^A_,0
Txw|,0
stpncpy,1
l$ H,0
/STATN=,1
ATBDAT,1
D$ H,0
D$HH,0
t`E1,0
L$@H,0
D$ H,0
</font>,1
nsub,1
L$hL,0
RELATED,1
D$PL,0
authorization_declined,1
ATUH,0
.gnu.version,1
CANTORIRM [ @@MANGA@LISO@@ARANHAMOLA@@QUADRORUA@@@FIO@@@FORTE@VER [ O@@@@@@@TEMPLO,1
D$8H,0
L$(I,0
GLIBC_2.28,1
><<<<<<<<<>,0
GA*cf_protection,1
FITA@@TAXI@@TIME@@TENDA@TESTE@TEXTO@AQUELEELES@@FINO@@ESTE@@SAPO@@,1
almost-all,1
CHARM,1
%Y-%m-%d,1
@UNITS,1
ATUH,0
end,1
t$xH,0
wpUvO9,0
D$@H,0
@v0}.,0
D$81,0
D$4H9,0
caption,1
STR,1
l$8I,0
RFC822.HEADER,1
ATUL,0
")N}C""",0
atime,1
u(u0u,0
D$(dH+,0
T$(H,0
jG_H,0
DEX,1
KILLED,1
[]A\A]A^A_,0
OTHER ,1
A\A],0
</area>,1
GLIBC_2.4,1
[]A\A]A^A_,0
Kij%lh,0
Wstatus,1
*'2~,0
_SAVE_,1
\Marked,1
memcpy,1
__memcpy_chk,1
<L@_1L,0
ADDRRAML,1
reverse,1
</tbody>,1
FLASH,1
Iota,1
onmouseup,1
Upsilon,1
ROPE,1
other ,1
memset,1
b6bKb/e4e,0
__ctype_b_loc,1
L$0H,0
66<06,0
onselec,1
A]A^,0
mempcpy,1
dereference-command-line,1
onreset,1
.note.ABI-tag,1
01;32,0
adc,1
Omicron,1
COPR,1
DEY,1
</u>,1
FHH9GH|Bu0ATUH,0
?nW5,0
@TO,1
((((((((PPPPPPPPyyyyyyy,0
%0) ,0
AWAVAUATU,0
SHIELD,1
literal,1
abort,1
l$ H9,0
raise,1
RBTsY,0
pHH9wH|,0
30;41,0
[215,0
.rodata,1
v<y^yey,0
source,1
GA+GLIBCXX_ASSERTIONS,1
/STATA=,1
onmouseover,1
HANDAXE,1
THERE@IS,1
ensp,1
_STARTUP_,1
N6)c,0
POISON@DART,1
l$ I,0
MONKEY,1
gcc,1
Sigma,1
<<><,0
_obstack_allocated_p,1
D$`N,0
ATUSH,0
[]A\A]A^A_,0
\All,1
D$0E,0
DO@THAT@HEREWANT,1
G(H;G0,0
ROPE,1
" et""",0
$Z7,0
bne,1
STUN,1
[]A\,0
COLGROUP,1
D$$0,0
Y{JfwA,0
[]A\A]A^A_,0
\$ L9l$8,0
UG1T,0
T$(H,0
\HasNoChildren,1
plicate,1
H9D$ t	L,0
8w`K,0
z\;.,0
G(H;G0s2H,0
DRAGON,1
D$8L,0
__sprintf_chk,1
.eh_frame,1
NOP,1
D$PH,0
t$XL,0
Filtering ,1
d$@1,0
__progname_full,1
NOBODY@HERE,1
POTION,1
[]A\A],0
D$pH,0
fwrite_unlocked,1
D$HH,0
D$8L,0
localtime_r,1
\$ H,0
+|!),0
G(H;G0,0
file-type,1
STYLE,1
ATUH,0
beta,1
TOO@FAR@AWAY,1
HDUE,0
[]A\A],0
NkQ]NAS,0
RUBY,1
auto,1
QGeeN,0
66666,0
8[]A\A]A^A_,0
mbstowcs,1
l$ H,0
[]A\A]A^,0
/8BITS=,1
DIRECTION,1
|$(I,0
N2uYN,0
AUATUH,0
cap_get_file,1
ATUH,0
D$(H,0
birth,1
stderr,1
B2COL,1
FRAM1,1
</select>,1
FIELDSET,1
x[]A\A]A^A_,0
\$HD,0
D$ H,0
_INDEX_,1
BEETLE,1
ATUL,0
|$XH,0
INPUT,1
__libc_start_main,1
[]A\A]A^,0
resent-cc,1
tabsize,1
t$@H,0
\NoInferiors,1
STR,1
GHH9FH|,0
NO@EFFECT,1
BobSmithWAguilarMBeckerNMcKenie,1
artrid,1
"ARE@DEADFOR "" @UNITSNOBODY@HERE",1
CANNOT,1
S H),0
[]A\A]A^A_,0
LOCATION,1
L9d$,0
__snprintf_chk,1
[]A\A],0
directory,1
AUATI,0
D$HH,0
zpH9~p,0
D$(H,0
calloc,1
/SIZE=,1
T$0A,0
Oc<g,0
ATUH,0
nl_langinfo,1
3g979,0
u4ATUH,0
vJw@w,0
VYx.>,0
\$ H,0
[]A\A],0
strrchr,1
ATUH,0
|$8L,0
\$H1,0
dcgettext,1
AUATUH,0
/SCOREI=,1
VELUDOVITIMAPASTA@ARMA@@PESO@@JANELA@@@@@@@@@@@@,1
T$(L,0
hearts,1
N`H9O`,0
g(g kbkyk,0
1Ng-,0
(wg\,0
L$hH,0
AWAVAUATUH,0
GA*FORTIFY,1
GHOUL,1
D$ H9,0
button,1
ARE@SICKWITH@FEVER,1
Z9x8,0
GOLEM,1
D$Rf,0
T$(L,0
D$PH,0
DEX,1
ondblclick,1
CASTLE,1
AUATUH,0
IUKln$nc9G,0
Hw`E,0
NOP,1
TBODY,1
t$HH,0
"\""\8\n\q\",0
ENTER,1
[]A\,0
NpH9Op,0
[1;5C,0
mO;P,0
J|@),0
D$`L,0
[]A\A],0
.rela.dyn,1
o/}7~K,0
T$(I,0
T$(H,0
[]A\A],0
hide-control-chars,1
run,1
STICK,1
%H:%M:%S,1
strcmp,1
INTO@THE@PITUSING@,1
PLEASECREAM@MILK@@WATCH@LISTENPLAY@@WRITE@SIT@@@TAKE@@EAT@@@SYMBOLHEAD@@,1
extension,1
TREE,1
program_invocation_short_name,1
84LucasfilmLtd.andATARI,1
sigismember,1
|$ M,0
strcpy,1
BYDAY,1
|$`L,0
AVAUATU,0
TORCH,1
SUUUUUUUI9,0
Y@Se4MQ,0
strong,1
BY@SHL,1
DJ+u0,0
l$ H,0
8CY3,0
]A\A],0
t$0H,0
D$`H,0
GOLD,1
/STATR=,1
ERR,1
classify,1
.note.gnu.property,1
[]A\A],0
ze#[,0
/t	A,0
tcgetpgrp,1
_exit,1
CIDADEARVOREVIAGEM@@@@@@VIRAR@PNEU@@FEIO@@VASO@@VEIA@@ANDAR@PAREDEQUERER,1
omicron,1
{WeKY\,0
D$ H,0
CHAIN,1
REFUSE,1
fflush_unlocked,1
_setjmp,1
t=~+,0
Ok=4,0
GLIBC_2.33,1
N)Y0W,0
POTION,1
font,1
_ITM_registerTMCloneTable,1
|$ L,0
/yy#c,0
TEXTAREA,1
C H),0
[dX(,0
STATUS,1
L$PH,0
AWAVAUATUSH,0
T$HdH,0
NpH9Op,0
}	~A~r,0
Scoring ,1
_THREADSTYLE_,1
__freading,1
[]A\A],0
XWU3,0
[]A\A]A^A_,0
]A\A],0
[]A\A]A^A_,0
)N`;,0
bad_verification_code,1
GA*FORTIFY,1
WERE@HITWAS@HIT,1
@STOMPERSWAMP,1
show-control-chars,1
AWAVAUATUSH,0
_SMTP_,1
D$HH,0
BUTTON,1
/HN=,1
9=@P,0
unsetenv,1
D$p1,0
D$ H,0
u4ATUH,0
D$  ,0
\$ H,0
libc.so.6,1
`hA?8Q,0
@@@@@@@,0
G(H;G0s/H,0
D$&H,0
34;42,0
lang,1
l$@L,0
RING,1
D$H%,0
HANDAXE,1
YYYY,0
rang,1
A\A],0
onfocus,1
colgroup,1
clock_gettime,1
D$8H,0
AWAVAUATA,0
[]A\,0
[]A\A]A^A_,0
ora,1
u4ATUH,0
T$@H,0
A@,1
H9\$,0
N?QeQkQ,0
ATUH,0
ACROSSJUICE@SWEET@COLOR@SOUR@@FAT@@@BLOWS@CARROTSHIP@@BIG@@@ANIMALTOWEL@,1
BYMINUTE,1
__ctype_tolower_loc,1
ATUH,0
]A\A],0
Ki+*GcK,0
AWAVI,0
inode,1
GET@SICKOPEN@CHEST,1
ATUH,0
D$ L,0
.gnu.build.attributes,1
GA+GLIBCXX_ASSERTIONS,1
Sesp,0
STAx,0
QABANDON@ALLHOPEi@YE@WHOENTER@HEREQ,1
statx,1
Gamma,1
[]A\A],0
_ITM_deregisterTMCloneTable,1
malloc,1
asl,1
ESCAPE,1
LONGBOW,1
horizontal,1
wpH9rp,0
d$HA,0
full-time,1
[]A\,0
L$(E,0
D$ H,0
J|@),0
EMAIL:,1
l$NH,0
[]A\,0
finroad,1
IS@LOCKED,1
__progname,1
BODY.PEEK[0],1
d$HL,0
/AFROMA=,1
none,1
GA!stack_realign,1
01;33,0
Landrum,1
G(H;G0,0
[]A\A]A^A_,0
|$	H,0
mQ.bx,0
</button>,1
l$PH,0
/+Tk?,0
[]A\A]A^A_,0
.init_array,1
D$fI,0
LAKE,1
D$ H,0
PAPER,1
BEGIN:VCARD,1
BYYEARDAY,1
r2fU-,0
T$ L,0
libselinux.so.1,1
L$(H,0
WARRIOR,1
VARIABLES,1
L$(H,0
ROXO@@COELHORAZ [ O@SALVARVOLTAR@@@@@@ESCOLAGRITAR@@@@@@@@@@@@SOMBRASINAL@PRATA@,1
getxattr,1
\Archive,1
L9|$,0
fieldset,1
continue,1
l$ H,0
C []A\,0
wWL),0
GA+stack_clash,1
SEQUENCE,1
CHEST,1
[]A\A]A^A_,0
HUT,1
:Lk5,0
[]A\A]A^A_,0
@TO@,1
STATUS,1
qW^VQie,0
Beta,1
ATUSH,0
[1;2A,0
STAFF,1
</fieldset>,1
RFC822.TEXT,1
.plt.sec,1
[219,0
UNLOCK,1
OpH9Np,0
onkeydown,1
Y'YsYP[,0
sigemptyset,1
c-maybe,1
U0I;E,0
TRAP,1
G(H;G0svH,0
H9L$0,0
ZERO@@,1
iswcntrl,1
>NKD,0
G(H;G0r,0
|$ H,0
G(H;G0,0
D$xL,0
ls-8.32-32.fc34.x86_64.debug,1
onresize,1
ATUSH,0
A@WARRIOR,1
G(H;G0,0
%P0T,0
onsubmit,1
fnmatch,1
TREE,1
AT@@@@BY@@@@TAKE@@NUMBEREGGS@@TOWER@PLAY@@WALK@@PLAY@@OVER@@CLOSETTABLE@,1
"2UU""",0
D$ H,0
WANTS,1
_COMMAND_,1
(DfhF,0
\$HL,0
ATUH,0
__ctype_get_mb_cur_max,1
ACCEPT,1
D$(H,0
RAM,1
block-size,1
expires_in,1
AUATUSH,0
vNf.,0
vBL9,0
D$e??,0
u0ATUH,0
</colgroup>,1
SljW,0
N`H9O`,0
D$X1,0
_EXEC_,1
</s>,1
HANDAXE,1
D$ H,0
_RESTR_,1
J|@),0
VITAMINS,1
AUATUH,0
l$ L,0
N|<),0
YOU,1
STOPS@YOU,1
SNAKE,1
label,1
GOLD,1
IS@@@@IS@@@@IS@@@@ARE@@@ARE@@@TWO@@@FIVE@@HAIR@@FUNNY@CIRCUSTEN@@@SEVEN@,1
0ASDSESK0,0
t$XL,0
readlink,1
SAMP,1
BYWEEKNO,1
D$0H!,0
d$@I,0
BARRILCESTA@FAROL@@@@@@@BELEZAANTES@MELHORAMARGOBLUSA@@@@@@@GALHO@PEITO@PONTE@,1
T$8L,0
G(H;G0,0
01;34,0
H9D$,0
return-path,1
S8SAS\SiS,0
L9l$,0
onmove,1
resent-from,1
|$`L,0
D$HE1,0
SHIELD,1
TEL:,1
GA+GLIBCXX_ASSERTIONS,1
tOHcT$PH,0
.40b,0
FEELSWEIRD,1
D.AKERS,1
MIDLIN,1
FORM,1
sigaddset,1
if-tty,1
no-group,1
[]A\A]A^A_,0
cong,1
AWAVAUATI,0
bindtextdomain,1
D$x1,0
DTEND,1
\$HL,0
strtoumax,1
getgrgid,1
GA+omit_frame_pointer,1
d$@H,0
RECOVERS,1
onkeyup,1
ntYukx,0
NpH9Op,0
T$(L,0
onmouseout,1
ATUH,0
VISION,1
Epsilon,1
</strong>,1
GA*GOW,1
ATUH,0
RY#N,0
MANIAC,1
STICK@,1
Huk8*-p,0
STACK,1
`D{x.5,0
D$h1,0
MONTH@HAPPY@DOWN@@STUDY@READ@@GIRL@@FLOWERHOUSE@LETTERBREAD@WATER@IN@@@@,1
wht~[]A\,0
MAGIC@SHOP,1
G(H;G0s,0
X-FCC:,1
BRIDGE,1
0!0#0%p)P0.00020406080:0<0>0@PC0E0GPJPM0OpSPV0X0Z0\0^PaPd0f0h0j0l0n0p0r0t0vPyP|P,0
RING,1
VISION,1
__overflow,1
CANNOT,1
CROSS,1
MATTEL,1
jsr,1
H4V),0
[1;2C,0
T$8H,0
u4ATUH,0
Zeta,1
A]A_H,0
`WqQ,0
THE@GATE,1
GA*cf_protection,1
WORKRAML,1
D$7H,0
[]A\A]A^A_,0
tbody,1
l$ H9,0
|$8L,0
d$ L,0
BLAST,1
\Trash,1
?(O,0
AWAVAUM,0
L$hH,0
GHH9FH|,0
FOR,1
|$`L,0
l$HL,0
hR&O,0
J|@),0
HE@WANTS,1
T$PH,0
<TuH,0
INC,1
t$(L,0
TAX,1
T$0H,0
epsilon,1
RESOURCES,1
KEY,1
D$ H,0
|$`L,0
force,1
[]A\A],0
shell,1
\$ H9,0
SAPPHIRE,1
AWAV,0
SAYS@MOVE@ITMORE,1
x-x-sender,1
clubs,1
__cxa_finalize,1
+H+I+J+K+L+M+N+O+P+Q+R+S+T+U+V+W+X+Y+Z+[+\+]+^+_+`+a+b+c+d+e+f+g+h+i+j+k+l+m+n+o,0
L$ L,0
LASTMOD,1
LABEL,1
02Fy9nA,0
iHbW,0
GA*GOW,1
l$@H,0
MOVE,1
BYHOUR,1
GA*FORTIFY,1
30;43,0
N`H9O`,0
L$0H,0
optind,1
textarea,1
PIRATA@@@@@@BOLSO@VENENO@@@@@@CARTAZBATATAP ˆ @@@@REZA@@LINDA@PADRE@@@@@@@LUCRO@,1
DEFEATED,1
u0ATUH,0
]A\A]A^,0
l$NH,0
l$PL,0
ATUSH,0
AWAVAUATUSH,0
status,1
H;|$,0
ATUL,0
__printf_chk,1
G(H;G0s,0
</tr>,1
\Junk,1
__assert_fail,1
t$(H,0
D$`I,0
EXDATE,1
input,1
DEY,1
cap_to_text,1
KEYBOARD,1
0Qc],0
ROCK,1
"GAME//////////////WORD/ZAPPER/////////ECA/PMAHCEIKOORREPPAZ,E",1
theta,1
7zXZ,0
RUBY,1
GRAPHICS,1
H90s,0
;'u	H,0
Kappa,1
mbrtowc,1
@{R;,0
DESVIOJANTARDIRETOM ] DICOBURRO@DUPLO@DRAG [ OEFEITOMOTOR@BASTA@@@@@@@FAMOSOPAI,1
RSTATUS,1
sigmaf,1
t$0L,0
THE@DRAGONQ,1
\$HL,0
CHARM,1
running,1
PROTECT,1
upsih,1
commas,1
szoc,0
D$8dH+,0
TAKE@,1
rand,1
UNITS@DAMAGESTILL@STUCK,1
|jv;,0
GUARD,1
memmove,1
[]A\A],0
G(H;G0r,0
LONGBOW,1
__fprintf_chk,1
CREATED,1
GLIBC_2.3.4,1
AWAVAUI,0
thead,1
Lcd$,0
T$@H,0
|$`H,0
AUNT@@COUSINWOOD@@SHIP@@BED@@@PIPES@QUEEN@DRINKSPOEMS@,1
VJOURNAL,1
sigaction,1
closedir,1
[]A\A],0
\HasChildren,1
y<*D,0
BCOUNT,1
ENLIST@MENUSE,1
AVAUATUH,0
&P-gRa,0
INDEX-COLOUR ,1
onchange,1
WERE@HITGRASS,1
annobin,1
SIGN@ON,1
strlen,1
BLOCKQUOTE,1
ELIXIR,1
D$PH,0
]r^z^,0
l$PH,0
fseeko,1
T$(L,0
<rQzO,0
[]A\A],0
/CATVAL=,1
_TRIM_,1
SCORPION,1
[]A\A],0
VhV@X,0
isatty,1
CHURCH,1
_zIhyE.,0
GLIBC_2.3,1
T$(L,0
l4lkp*r6r;r?rGrYr[r,0
[1;5D,0
/!/#/%/'/)/+O.O1O4O7O:O=O@OCOFOIOLOOOROUOXO[/]/_Ob/d/f/hOkOn/p/r/t/v/xo|/~/,0
.fini,1
{Fp$,0
T$ L,0
Q`K;,0
[1;5A,0
t<M),0
getopt_long,1
D$(H,0
TRADE,1
D$@H,0
[]A\,0
cap_free,1
r*sqt,0
onmousedown,1
gfffffff,0
SHOPKEEPER,1
_obstack_free,1
onload,1
[]A\A]A^A_,0
&H&I&J&K&L&M&N&O&P&Q&R&S&T&U&V&W&X&Y&Z&[&\&]&^&_&`&a&b&c&d&e&f&g&h&i&j&k&l&m&n&o,0
*| ),0
gkp4l(g,0
l$PH,0
VALARM,1
HOSPITAL,1
PARAM,1
.data,1
INTERESTEDi,1
t$XL,0
SYMBOLSj,1
01;36,0
D$8H,0
ID,1
memcmp,1
SHIELD,1
LANTERN,1
-{8af,0
atwait,1
bin,1
")!)"")#)$)%)&)')()))*)+),)-).)/)0)1)2)3)4)5)6)7)8)9):);)<)=)>)?)@)A)B)C)D)E)F)G)H)I)J)K)L)M)N)O)P)Q)R)S)T)U)V)W)X)Y)Z)[)\)])^)_)`)a)b)c)d",0
INVENTORY,1
D$8L,0
_RESUB_,1
INVENTORY,1
ENbZ,0
Dragonstomper,1
+YeL,0
perp,1
INITLOOP,1
_REPLY_,1
<Fu=,0
Bso},0
[]A\,0
Ln}|,0
SERVICE,1
H9\$,0
JePy,0
JUST@HITA@QQQ,1
/BOM=,1
PICK@AN@ITEMWHAT@DO,1
D$ H,0
G(H;G0,0
|h*4,0
D$81,0
__cxa_atexit,1
D$HH,0
</b>,1
AUATUSH,0
DRAGON,1
\$HL,0
.eh_frame_hdr,1
_THREADINDEX_,1
2~EB,0
TITLE:,1
dired,1
HE@OFFERS,1
.rela.plt,1
[]A\,0
L$0H,0
tzset,1
l$ H,0
[1;5B,0
l$ H,0
lstat,1
AUATI,0
finrdlp,1
GAIN,1
l$eI),0
\$8H,0
l$NH,0
expired_token,1
</textarea>,1
D$41,0
HATE@@SLEEP@HUNGRYEAT@@@DRINK@FOUR@@TEETH@HANDS@READS@BATH@@RISES@MOUTH@,1
#H#I#J#K#L#M#N#O#P#Q#R#S#T#U#V#W#X#Y#Z#[#\#]#^#_#`#a#b#c#d#e#f#g#h#i#j#k#l#,0
CHARM,1
\$HA,0
D$8L,0
LANTERN,1
.gnu_debuglink,1
diams,1
k>|us,0
5oN`I;,0
[]A\A],0
4p%lJ3;,0
INDEX-COLOR ,1
AND,1
C>3^,0
<UuD,0
TWENTY,1
error,1
\$8H,0
DUMMY,1
SLIME,1
@@FIGHT,1
.gnu.hash,1
NpH9Op,0
AWAV,0
Yuml,1
TO@MOVE,1
CAVE,1
END:VCARD,1
Lambda,1
$g$h$i$j$k$l$m$n$o$p$q$r$s$t$u$v$w$x$y$z${$|$}$~$,0
l$ M,0
[]A\A],0
shell-escape-always,1
k[<Vh6,0
SELL,1
wcswidth,1
hide,1
AWAVAUI,0
Gs.	,0
kUe9,0
.data.rel.ro,1
u+UH,0
D$x%,0
a[[c,0
opendir,1
Zero-pal1.1,1
*| ),0
THE@DARKNESSONE@MAN@IS,1
JJJJ,0
tKp\,0
D$XdH+,0
kibibytes,1
/FOLDER=,1
sube,1
UH]A\A]A^,0
role ,1
PROTECT,1
t$XL,0
clocale,1
CABBAGE,1
VTODO,1
D$(H,0
__stack_chk_fail,1
T$(M,0
ATUH,0
thinsp,1
algorithm,1
L$XH,0
D$(H,0
l$ M,0
u	I9,0
\$HL,0
L$xL,0
d$(H,0
OBJECT,1
@GOLD,1
_SORT_,1
PAY,1
A\A]A^A_,0
onunload,1
.gnu_debugdata,1
\$xD,0
5Y\q0,0
.bss,1
D$HA,0
AVAUATUH,0
D$eA,0
strncmp,1
readdir,1
d$@H,0
1aIH,0
[]A\A]A^A_,0
ADAT,1
tax,1
AUATUH,0
POTION,1
TWO@@@DWATCH@DWHALE@DWHEEL@NWINDOWDWRENCH,1
]A\A]A^,0
L$8H,0
group-directories-first,1
ATUSH,0
AWAVAUATUSH,0
MISSED,1
w`H9r`,0
X|@F,0
obstack_alloc_failed_handler,1
Delta,1
lambda,1
ondragdrop,1
L$7L,0
</em>,1
BUG,1
TIMEBAR,1
d#oIq,0
TREE@@DTRUCK@TTURTLElTWELVE,1
l$(H,0
jnic*,0
tAL9,0
L9&s4H,0
H9D$,0
snprintf,1
RING,1
BLAST,1
COPYRIGHT@gaNO@EFFECT,1
\$HL,0
????????H,0
__fpending,1
s;xt,0
tfoot,1
txa,1
optgroup,1
AWAVAUATUSH,0
STUN,1
BRILHOBOLHA@BALDE@@@@@@@@@@@@@VELA@@@@@@@@@@@@@@TROCA@QUEIJOCEREJAIGREJA@@@@@@,1
D$HH,0
d$@H,0
"GHH9FH|""u",0
[A\A]A^A_],0
MEDICINE,1
GLIBC_2.14,1
[]A\A]A^,0
AWAVAUATUSH,0
L$0H,0
[]A\A]A^A_,0
RFC822.PEEK,1
.dynamic,1
rol,1
STAFF,1
O04%I,0
D$hL,0
AIMG,1
tPH9,0
ATUS,0
30;42,0
upsilon,1
strftime,1
ross,1
.j]d0,0
onerror,1
LINK,1
OpH9Np,0
$v7L,0
|$`L,0
/AFROM=,1
DEMON,1
U0H;E,0
fI-I,0
AHPOS,1
8	A\,0
u#`>E,0
qndmu,0
CONTACT,1
t$hH,0
bytechnth,1
wcstombs,1
e(dH,0
wpH9rp,0
\Unmarked,1
libcap.so.2,1
ATUSH,0
realloc,1
CAPTION,1
recursive,1
_REXSUB_,1
<$CH,0
iswprint,1
OPTION,1
GLIBC_2.17,1
G(H;G0s]H,0
</caption>,1
human-readable,1
NpH9Op,0
sf#%gh,0
SPINNER,1
ELIXIR,1
gVgyk,0
D$ H,0
D$(L,0
[]A\,0
Balaska,1
thetasym,1
z`H9~`,0
SPIDER,1
SEARCH ,1
HE@SAYS,1
[]A\A],0
AUATUSH,0
+!C?,0
[217,0
JUMPWORD,1
_obstack_newchunk,1
zeta,1
bbbbbbaaalaacaabbbbbbbbbbbebbbbaaaaaaaaaaaaaaaaaaaaaaaaaaaaaaaaaaaaaaaaaaaaaaaaaaaaaaaaaaaaaaaaaaaaaaaaaaaaaaaaaaaaaaaaaaaaaaabAAAAAAAAAAAAA,0
BEQ,1
D$@I,0
VFREEBUSY,1
AWAVAUATU@,0
$YzJ,0
\$HL,0
D$8dH+,0
01;35,0
</table>,1
hold,1
[]A\A],0
3g979,0
T$`H,0
</optgroup>,1
D$H@,0
l$PH,0
L$0H,0
CLASS,1
[]A\,0
ctime,1
t$HM,0
DO@THAT,1
__gmon_start__,1
BYSECOND,1
(RFC822.HEADER.RFC822.TEXT),1
\$HH,0
N+e!,0
GLIBC_2.2.5,1
NnRNUNXN[n_,0
[]A\A]A^A_,0
L$0H,0
STAFF,1
D$0H,0
getenv,1
#YAB,0
AUATUSH,0
@IN,1
PROGRAM,1
FELL,1
lh4>,0
D$@H,0
u;ye,0
NO@THANKS,1
[]A\A],0
ATTACKS,1
T$pH,0
scaron,1
u4ATUH,0
.note.gnu.build-id,1
37;41,0
%m/%d/%y,1
SCORING ,1
asymp,1
L$0H,0
BUY,1
D$ H,0
)p<Y,0
AVAUATUH,0
D$PI,0
ignore,1
.text,1
delta,1
signal,1
[]A\A]A^A_,0
shell-always,1
UNTIL,1
